{"version": "2204", "payload":{"superCapitals": ["万古级", "夜神级", "飞龙级", "冥府级", "归魂者级", "仇恨级", "科莫多级", "征服者级", "摩洛克级", "神使级", "俄洛巴斯级", "勒维亚坦级", "拉格纳洛克级"], "ships": {"61": {"size": "small", "adv": false, "category": "护卫舰"}, "64": {"size": "small", "adv": false, "category": "护卫舰"}, "72": {"size": "small", "adv": false, "category": "护卫舰"}, "73": {"size": "medium", "adv": false, "category": "巡洋舰"}, "74": {"size": "medium", "adv": false, "category": "巡洋舰"}, "75": {"size": "medium", "adv": false, "category": "巡洋舰"}, "76": {"size": "medium", "adv": false, "category": "巡洋舰"}, "77": {"size": "small", "adv": false, "category": "护卫舰"}, "78": {"size": "large", "adv": false, "category": "战列舰"}, "79": {"size": "large", "adv": false, "category": "战列舰"}, "80": {"size": "large", "adv": false, "category": "战列舰"}, "81": {"size": "large", "adv": false, "category": "战列舰"}, "82": {"size": "medium", "adv": false, "category": "工业舰"}, "83": {"size": "medium", "adv": false, "category": "工业舰"}, "84": {"size": "medium", "adv": false, "category": "工业舰"}, "85": {"size": "medium", "adv": false, "category": "工业舰"}, "393": {"size": "small", "adv": false, "category": "穿梭机"}, "394": {"size": "small", "adv": false, "category": "穿梭机"}, "395": {"size": "small", "adv": false, "category": "穿梭机"}, "396": {"size": "small", "adv": false, "category": "穿梭机"}, "400": {"size": "small", "adv": true, "category": "高级护卫舰"}, "401": {"size": "small", "adv": true, "category": "高级护卫舰"}, "402": {"size": "small", "adv": true, "category": "高级护卫舰"}, "403": {"size": "small", "adv": true, "category": "高级护卫舰"}, "421": {"size": "small", "adv": true, "category": "高级护卫舰"}, "422": {"size": "small", "adv": true, "category": "高级护卫舰"}, "423": {"size": "small", "adv": true, "category": "高级护卫舰"}, "424": {"size": "small", "adv": true, "category": "高级护卫舰"}, "433": {"size": "small", "adv": true, "category": "高级护卫舰"}, "434": {"size": "small", "adv": true, "category": "高级护卫舰"}, "435": {"size": "small", "adv": true, "category": "高级护卫舰"}, "436": {"size": "small", "adv": true, "category": "高级护卫舰"}, "438": {"size": "medium", "adv": true, "category": "高级巡洋舰"}, "439": {"size": "medium", "adv": true, "category": "高级巡洋舰"}, "440": {"size": "medium", "adv": true, "category": "高级巡洋舰"}, "441": {"size": "medium", "adv": true, "category": "高级巡洋舰"}, "449": {"size": "medium", "adv": true, "category": "高级巡洋舰"}, "450": {"size": "medium", "adv": true, "category": "高级巡洋舰"}, "451": {"size": "medium", "adv": true, "category": "高级巡洋舰"}, "452": {"size": "medium", "adv": true, "category": "高级巡洋舰"}, "465": {"size": "small", "adv": false, "category": "驱逐舰"}, "466": {"size": "small", "adv": false, "category": "驱逐舰"}, "467": {"size": "small", "adv": false, "category": "驱逐舰"}, "468": {"size": "small", "adv": false, "category": "驱逐舰"}, "470": {"size": "medium", "adv": false, "category": "战列巡洋舰"}, "471": {"size": "medium", "adv": false, "category": "战列巡洋舰"}, "472": {"size": "medium", "adv": false, "category": "战列巡洋舰"}, "473": {"size": "medium", "adv": false, "category": "战列巡洋舰"}, "494": {"size": "medium", "adv": false, "category": "采矿驳船"}, "630": {"size": "medium", "adv": true, "category": "高级工业舰"}, "631": {"size": "medium", "adv": true, "category": "高级工业舰"}, "632": {"size": "medium", "adv": true, "category": "高级工业舰"}, "633": {"size": "medium", "adv": true, "category": "高级工业舰"}, "762": {"size": "xlarge", "adv": false, "category": "旗舰"}, "763": {"size": "xlarge", "adv": false, "category": "旗舰"}, "764": {"size": "xlarge", "adv": false, "category": "旗舰"}, "765": {"size": "xlarge", "adv": false, "category": "旗舰"}, "767": {"size": "large", "adv": false, "category": "货舰"}, "768": {"size": "large", "adv": false, "category": "货舰"}, "769": {"size": "large", "adv": false, "category": "货舰"}, "770": {"size": "large", "adv": false, "category": "货舰"}, "813": {"size": "xlarge", "adv": false, "category": "旗舰"}, "814": {"size": "xlarge", "adv": false, "category": "旗舰"}, "815": {"size": "xlarge", "adv": false, "category": "旗舰"}, "816": {"size": "xlarge", "adv": false, "category": "旗舰"}, "818": {"size": "xlarge", "adv": false, "category": "旗舰"}, "819": {"size": "xlarge", "adv": false, "category": "旗舰"}, "820": {"size": "xlarge", "adv": false, "category": "旗舰"}, "821": {"size": "xlarge", "adv": false, "category": "旗舰"}, "825": {"size": "medium", "adv": true, "category": "高级战列巡洋舰"}, "826": {"size": "small", "adv": true, "category": "高级驱逐舰"}, "827": {"size": "medium", "adv": true, "category": "高级巡洋舰"}, "828": {"size": "medium", "adv": true, "category": "高级战列巡洋舰"}, "829": {"size": "small", "adv": true, "category": "高级驱逐舰"}, "830": {"size": "medium", "adv": true, "category": "高级巡洋舰"}, "831": {"size": "medium", "adv": true, "category": "高级战列巡洋舰"}, "832": {"size": "small", "adv": true, "category": "高级驱逐舰"}, "833": {"size": "medium", "adv": true, "category": "高级巡洋舰"}, "834": {"size": "medium", "adv": true, "category": "高级战列巡洋舰"}, "835": {"size": "small", "adv": true, "category": "高级驱逐舰"}, "836": {"size": "medium", "adv": true, "category": "高级巡洋舰"}, "874": {"size": "medium", "adv": true, "category": "采掘者"}, "1048": {"size": "xlarge", "adv": false, "category": "旗舰"}, "1066": {"size": "small", "adv": true, "category": "高级护卫舰"}, "1067": {"size": "small", "adv": true, "category": "高级护卫舰"}, "1068": {"size": "small", "adv": true, "category": "高级护卫舰"}, "1069": {"size": "small", "adv": true, "category": "高级护卫舰"}, "1071": {"size": "medium", "adv": true, "category": "高级巡洋舰"}, "1072": {"size": "medium", "adv": true, "category": "高级巡洋舰"}, "1073": {"size": "medium", "adv": true, "category": "高级巡洋舰"}, "1074": {"size": "medium", "adv": true, "category": "高级巡洋舰"}, "1076": {"size": "large", "adv": true, "category": "高级战列舰"}, "1077": {"size": "large", "adv": true, "category": "高级战列舰"}, "1078": {"size": "large", "adv": true, "category": "高级战列舰"}, "1079": {"size": "large", "adv": true, "category": "高级战列舰"}, "1081": {"size": "large", "adv": true, "category": "高级战列舰"}, "1082": {"size": "large", "adv": true, "category": "高级战列舰"}, "1083": {"size": "large", "adv": true, "category": "高级战列舰"}, "1084": {"size": "large", "adv": true, "category": "高级战列舰"}, "1090": {"size": "large", "adv": true, "category": "战略货舰"}, "1091": {"size": "large", "adv": true, "category": "战略货舰"}, "1092": {"size": "large", "adv": true, "category": "战略货舰"}, "1093": {"size": "large", "adv": true, "category": "战略货舰"}, "1139": {"size": "medium", "adv": true, "category": "高级巡洋舰"}, "1140": {"size": "medium", "adv": true, "category": "高级巡洋舰"}, "1141": {"size": "medium", "adv": true, "category": "高级巡洋舰"}, "1142": {"size": "medium", "adv": true, "category": "高级巡洋舰"}, "1365": {"size": "small", "adv": false, "category": "势力护卫舰"}, "1366": {"size": "small", "adv": false, "category": "势力护卫舰"}, "1370": {"size": "medium", "adv": false, "category": "势力巡洋舰"}, "1371": {"size": "medium", "adv": false, "category": "势力巡洋舰"}, "1379": {"size": "large", "adv": false, "category": "势力战列舰"}, "1380": {"size": "large", "adv": false, "category": "势力战列舰"}, "1390": {"size": "medium", "adv": false, "category": "工业舰"}, "1392": {"size": "xlarge", "adv": false, "category": "旗舰"}, "1614": {"size": "medium", "adv": false, "category": "特别版工业舰"}, "1616": {"size": "small", "adv": false, "category": "护卫舰"}, "1618": {"size": "small", "adv": false, "category": "特别版穿梭机"}, "1619": {"size": "small", "adv": false, "category": "特别版护卫舰"}, "1620": {"size": "large", "adv": false, "category": "特别版战列舰"}, "1621": {"size": "medium", "adv": true, "category": "特别版重型突击巡洋舰"}, "1623": {"size": "small", "adv": true, "category": "特别版突击护卫舰"}, "1624": {"size": "medium", "adv": true, "category": "特别版后勤舰"}, "1631": {"size": "small", "adv": false, "category": "穿梭机"}, "1698": {"size": "medium", "adv": false, "category": "特别版战列巡洋舰"}, "1699": {"size": "medium", "adv": false, "category": "特别版巡洋舰"}, "1704": {"size": "medium", "adv": false, "category": "势力战列巡洋舰"}, "1816": {"size": "small", "adv": false, "category": "轻型护卫舰"}, "1817": {"size": "small", "adv": false, "category": "轻型护卫舰"}, "1818": {"size": "small", "adv": false, "category": "轻型护卫舰"}, "1819": {"size": "small", "adv": false, "category": "轻型护卫舰"}, "1837": {"size": "medium", "adv": true, "category": "特别版侦察舰"}, "1838": {"size": "small", "adv": true, "category": "特别版隐形特勤舰"}, "1924": {"size": "small", "adv": false, "category": "勘探护卫舰"}, "1932": {"size": "small", "adv": true, "category": "特别版截击舰"}, "1950": {"size": "large", "adv": false, "category": "货舰"}, "1952": {"size": "small", "adv": true, "category": "高级驱逐舰"}, "1953": {"size": "small", "adv": true, "category": "高级驱逐舰"}, "2021": {"size": "small", "adv": true, "category": "高级驱逐舰"}, "2034": {"size": "small", "adv": true, "category": "高级驱逐舰"}, "2115": {"size": "medium", "adv": true, "category": "特别版重型拦截巡洋舰"}, "2126": {"size": "small", "adv": true, "category": "高级驱逐舰"}, "2131": {"size": "small", "adv": true, "category": "高级驱逐舰"}, "2132": {"size": "small", "adv": true, "category": "高级驱逐舰"}, "2133": {"size": "small", "adv": true, "category": "高级驱逐舰"}, "2147": {"size": "small", "adv": true, "category": "高级护卫舰"}, "2148": {"size": "small", "adv": true, "category": "高级护卫舰"}, "2149": {"size": "small", "adv": true, "category": "高级护卫舰"}, "2150": {"size": "small", "adv": true, "category": "高级护卫舰"}, "2272": {"size": "xlarge", "adv": false, "category": "旗舰"}, "2273": {"size": "xlarge", "adv": false, "category": "旗舰"}, "2274": {"size": "xlarge", "adv": false, "category": "旗舰"}, "2275": {"size": "xlarge", "adv": false, "category": "旗舰"}, "2287": {"size": "xlarge", "adv": false, "category": "旗舰"}, "2288": {"size": "xlarge", "adv": false, "category": "旗舰"}, "2336": {"size": "medium", "adv": false, "category": "工业舰"}, "2350": {"size": "small", "adv": false, "category": "特别版驱逐舰"}, "2357": {"size": "xlarge", "adv": false, "category": "旗舰"}, "2417": {"size": "medium", "adv": true, "category": "高级巡洋舰"}, "2426": {"size": "small", "adv": false, "category": "护卫舰"}, "2428": {"size": "medium", "adv": false, "category": "巡洋舰"}, "2430": {"size": "large", "adv": false, "category": "战列舰"}, "2523": {"size": "small", "adv": false, "category": "驱逐舰"}, "2525": {"size": "medium", "adv": false, "category": "战列巡洋舰"}, "2526": {"size": "medium", "adv": true, "category": "高级巡洋舰"}, "2535": {"size": "medium", "adv": true, "category": "高级巡洋舰"}, "2536": {"size": "small", "adv": true, "category": "高级护卫舰"}, "2537": {"size": "small", "adv": true, "category": "高级驱逐舰"}, "2690": {"size": "xlarge", "adv": false, "category": "旗舰"}, "2702": {"size": "small", "adv": false, "category": "特别版轻型护卫舰"}}, "equipments": {"126": "护盾回充器", "131": "微型跃迁推进器", "380": "立体炸弹", "381": "立体炸弹", "382": "立体炸弹", "383": "立体炸弹", "405": "跃迁扰断力场", "542": "加力燃烧器", "561": "疾速炮", "562": "疾速炮", "563": "疾速炮", "564": "磁轨炮", "565": "磁轨炮", "566": "磁轨炮", "567": "集束激光器", "568": "集束激光器", "569": "集束激光器", "570": "脉冲激光器", "572": "脉冲激光器", "573": "脉冲激光器", "574": "自动加农炮", "575": "自动加农炮", "576": "自动加农炮", "577": "加农火炮", "578": "加农火炮", "579": "加农火炮", "600": "远程护盾回充增量器", "601": "远程护盾回充增量器", "602": "远程护盾回充增量器", "603": "远程护盾回充增量器", "604": "远程护盾回充增量器", "605": "护盾扩展装置", "606": "护盾扩展装置", "608": "护盾扩展装置", "609": "护盾回充增量器", "610": "护盾回充增量器", "611": "护盾回充增量器", "612": "护盾回充增量器", "613": "护盾回充增量放大器", "615": "损伤控制", "639": "火箭发射器", "640": "轻型导弹发射器", "641": "轻型快速导弹发射器", "642": "重型发射器", "643": "巡航导弹发射器", "644": "鱼雷发射器", "645": "弹道控制系统", "646": "回转稳定器", "647": "散热槽", "648": "磁性力场稳定器", "658": "能源诊断系统", "659": "反应堆控制单元", "660": "辅助能量控制", "665": "电容回充器", "666": "电容通量线圈", "667": "电容能源继电器", "669": "信号放大器", "670": "自动锁定系统", "671": "感应增强器", "672": "被动索敌系统", "673": "远程感应增强器", "675": "隐形装置", "676": "CPU升级模块", "678": "ECM脉冲波", "679": "远程感应抑阻器", "680": "武器扰断器", "683": "停滞缠绕光束", "686": "投射型ECCM", "687": "护盾通量线圈", "688": "护盾能源继电器", "689": "能量中和器", "690": "能量中和器", "691": "重型", "692": "掠能器", "693": "掠能器", "694": "重型", "695": "远程电容传输装置", "696": "远程电容传输装置", "697": "远程电容传输装置", "698": "电容注电器", "699": "电容注电器", "700": "电容注电器", "701": "重型", "702": "电容电池", "703": "电容电池", "704": "电容电池", "705": "电容电池", "706": "索敌计算机", "707": "索敌增强器", "708": "远距索敌计算机", "711": "货舱扫描器", "712": "扫描探针发射器", "713": "舰船扫描器", "714": "测量扫描器", "715": "磁力计干扰器", "716": "光雷达干扰器", "717": "引力计干扰器", "718": "雷达干扰器", "719": "多谱干扰器", "720": "引力计备用阵列", "721": "光雷达备用阵列", "722": "雷达备用阵列", "723": "磁力计备用阵列", "724": "多谱备用阵列", "725": "引力计感应器", "726": "光雷达感应器", "727": "磁力计感应器", "728": "多谱感应器", "729": "雷达感应器", "757": "目标标记装备", "771": "疾速炮", "772": "磁轨炮", "773": "集束激光器", "774": "脉冲激光器", "775": "加农火炮", "776": "自动加农炮", "777": "堡垒级发射器", "778": "护盾回充增量器", "801": "会战装备", "872": "牵引光束", "910": "远程电容传输装置", "935": "采矿改良设备", "938": "无人机升级模块", "967": "信号畸变放大器", "974": "重型攻击导弹发射器", "1014": "炸弹发射器", "1037": "气云采集器", "1038": "冰矿采集器", "1039": "采矿激光器", "1040": "露天采矿器", "1049": "装甲维修器", "1050": "装甲维修器", "1051": "装甲维修器", "1052": "装甲维修器", "1053": "结构维修器", "1054": "结构维修器", "1055": "结构维修器", "1056": "远程装甲维修器", "1057": "远程装甲维修器", "1058": "远程装甲维修器", "1059": "远程装甲维修器", "1060": "远程结构维修器", "1061": "远程结构维修器", "1062": "远程结构维修器", "1063": "远程结构维修器", "1085": "跃迁扰断力场发生器", "1086": "惯性稳定器", "1087": "超载喷注器", "1088": "跃迁稳定器", "1122": "艾玛核心子系统", "1123": "加达里核心子系统", "1124": "盖伦特核心子系统", "1125": "米玛塔尔核心子系统", "1126": "艾玛防御子系统", "1127": "加达里防御子系统", "1128": "米玛塔尔防御子系统", "1129": "盖伦特防御子系统", "1130": "艾玛攻击子系统", "1131": "加达里攻击子系统", "1132": "盖伦特攻击子系统", "1133": "米玛塔尔攻击子系统", "1134": "艾玛推进子系统", "1135": "加达里推进子系统", "1136": "盖伦特推进子系统", "1137": "米玛塔尔推进子系统", "1195": "强化舱隔壁", "1196": "纳米纤维内部构架", "1197": "扩充货柜舱", "1206": "小型装甲改装件", "1207": "中型装甲改装件", "1208": "大型装甲改装件", "1210": "小型航天技术改装件", "1211": "中型航天技术改装件", "1212": "大型航天技术改装件", "1213": "小型无人机改装件", "1214": "中型无人机改装件", "1215": "大型无人机改装件", "1219": "小型电子压制改装件", "1220": "中型电子压制改装件", "1221": "大型电子压制改装件", "1222": "小型工程改装件", "1223": "中型工程改装件", "1224": "大型工程改装件", "1225": "小型能量武器改装件", "1226": "中型能量武器改装件", "1227": "大型能量武器改装件", "1228": "小型混合武器改装件", "1229": "中型混合武器改装件", "1230": "大型混合武器改装件", "1231": "小型导弹发射器改装件", "1232": "中型导弹发射器改装件", "1233": "大型导弹发射器改装件", "1234": "小型护盾改装件", "1235": "中型护盾改装件", "1236": "大型护盾改装件", "1237": "小型射弹武器改装件", "1238": "中型射弹武器改装件", "1239": "大型射弹武器改装件", "1416": "反应式装甲增强器", "1426": "信号半径抑制装置", "1480": "护盾植入体", "1481": "护盾植入体", "1482": "护盾植入体", "1483": "护盾植入体", "1484": "科学植入体", "1485": "科学植入体", "1486": "科学植入体", "1489": "导航植入体", "1490": "导航植入体", "1491": "导航植入体", "1492": "导航植入体", "1493": "导弹植入体", "1494": "导弹植入体", "1495": "导弹植入体", "1496": "导弹植入体", "1497": "导弹植入体", "1498": "射击植入体", "1499": "射击植入体", "1500": "射击植入体", "1501": "射击植入体", "1502": "射击植入体", "1504": "工业植入体", "1505": "舰队支援植入体", "1506": "势力欧米伽植入体", "1507": "工程植入体", "1508": "工程植入体", "1509": "工程植入体", "1512": "电子系统植入体", "1513": "电子系统植入体", "1514": "装甲植入体", "1515": "装甲植入体", "1516": "装甲植入体", "1517": "装甲植入体", "1518": "装甲植入体", "1633": "指挥脉冲波", "1639": "指挥处理器", "1640": "跳跃通道发生器", "1641": "诱导力场发生器", "1642": "克隆舱", "1650": "微型跳跃引擎", "1651": "安全货柜", "1652": "审计密码集装箱", "1653": "货物集装箱", "1657": "标准货柜", "1658": "空间站集装箱", "1665": "热能涂层", "1666": "动能涂层", "1667": "爆炸涂层", "1668": "电磁涂层", "1669": "覆层装甲涂层", "1670": "多谱式涂层", "1672": "100mm装甲附甲板", "1673": "200mm装甲附甲板", "1674": "400mm装甲附甲板", "1675": "800mm装甲附甲板", "1676": "1600mm装甲附甲板", "1678": "热能装甲增强器", "1679": "动能装甲增强器", "1680": "爆炸装甲增强器", "1681": "电磁装甲增强器", "1682": "爆炸电压薄膜", "1683": "热能电压薄膜", "1684": "电磁电压薄膜", "1685": "动能电压薄膜", "1686": "多谱式电压薄膜", "1687": "覆层电压装甲薄膜", "1688": "热能护盾增效器", "1689": "动能护盾增效器", "1690": "爆炸护盾增效器", "1691": "电磁护盾增效器", "1692": "热能护盾增强器", "1693": "动能护盾增强器", "1694": "爆炸护盾增强器", "1695": "电磁护盾增强器", "1696": "多谱式护盾增强器", "1709": "扫描升级件", "1715": "打捞器", "1717": "测量探测器发射器", "1718": "分析仪", "1730": "旗舰级装甲改装件", "1731": "旗舰级射弹武器改装件", "1732": "旗舰级护盾改装件", "1733": "旗舰级导弹发射器改装件", "1734": "旗舰级混合武器改装件", "1735": "旗舰级能量武器改装件", "1736": "旗舰级工程改装件", "1737": "旗舰级电子压制改装件", "1739": "旗舰级无人机改装件", "1740": "旗舰级航天技术改装件", "1765": "锁定系统植入体", "1766": "锁定系统植入体", "1767": "资源加工植入体", "1768": "资源加工植入体", "1769": "资源加工植入体", "1770": "扫描植入体", "1771": "扫描植入体", "1772": "扫描植入体", "1773": "扫描植入体", "1774": "扫描植入体", "1775": "神经增强植入体", "1776": "神经增强植入体", "1777": "神经增强植入体", "1782": "小型资源加工改装件", "1783": "中型资源加工改装件", "1784": "大型资源加工改装件", "1785": "旗舰级资源加工改装件", "1786": "小型扫描改装件", "1787": "中型扫描改装件", "1788": "大型扫描改装件", "1789": "旗舰级扫描改装件", "1790": "小型锁定系统改装件", "1791": "中型锁定系统改装件", "1792": "大型锁定系统改装件", "1793": "旗舰级锁定系统改装件", "1827": "重型快速导弹发射器", "1831": "移动式仓库", "1832": "移动式诱导抑制装置", "1833": "移动式牵引装置", "1835": "移动式虹吸装置", "1844": "移动式微型跳跃装置", "1845": "移动式扫描抑制装置", "1847": "事件监测装置", "1931": "跃迁加速装置", "1935": "跃迁扰断器", "1936": "跃迁扰频器", "1937": "拦截泡发射器", "1941": "跳跃节能装置", "2018": "侵噬链接", "2032": "导弹引导计算机", "2033": "导弹引导增强器", "2135": "微型跳跃力场发生器", "2151": "冰矿开采激光器", "2154": "停滞捕捉光束", "2240": "25000mm装甲附甲板", "2241": "护盾扩展装置", "2242": "电容电池", "2243": "电容注电器", "2244": "结构维修器", "2245": "可使用脚本的装甲增强器", "2246": "可使用脚本的护盾增强器", "2247": "快速鱼雷发射器", "2249": "脉冲波投射器", "2250": "能量中和器", "2251": "掠能器", "2267": "超级武器", "2268": "超级武器", "2269": "超级武器", "2270": "超级武器", "2276": "超级武器", "2325": "超级武器", "2351": "反导发射器", "2433": "熵能分解者", "2434": "熵能分解者", "2435": "熵能分解者", "2441": "跃迁扰断突变质体", "2442": "停滞缠绕光束突变质体", "2443": "小型装甲突变质体", "2444": "中型装甲突变质体", "2445": "大型装甲突变质体", "2446": "小型护盾突变质体", "2447": "中型护盾突变质体", "2448": "大型护盾突变质体", "2449": "超大型护盾突变质体", "2450": "小型空间技术突变质体", "2451": "中型空间技术突变质体", "2452": "大型空间技术突变质体", "2453": "小型工程突变质体", "2454": "中型工程突变质体", "2455": "大型工程突变质体", "2471": "熵辐射槽", "2474": "无人机植入体", "2475": "无人机植入体", "2476": "无人机植入体", "2477": "无人机植入体", "2478": "无人机植入体", "2509": "质量纠缠装置", "2513": "磁性力场稳定器突变质体", "2514": "散热槽突变质体", "2515": "回转稳定器突变质体", "2516": "熵辐射槽突变质体", "2517": "弹道控制系统突变质体", "2529": "突变适应远程装甲维修器", "2533": "损伤控制突变质体", "2534": "突击型损伤控制突变质体", "2691": "熵能分解者", "2740": "电弧弦调谐系统", "2742": "电弧弦投射器", "2743": "电弧弦投射器", "2744": "电弧弦投射器", "2750": "旗舰级空间技术突变质体", "2751": "旗舰级装甲突变质体", "2752": "旗舰级护盾突变质体", "2753": "旗舰级工程突变质体", "2754": "会战装备突变质体", "2763": "移动式诱导信标", "2771": "移动观测站", "2783": "拦截失效装置"}, "architectures": {"478": "控制塔", "479": "导弹炮塔", "481": "电子战炮塔", "482": "提炼阵列", "483": "储藏库", "484": "舰船维护阵列", "485": "护盾强化阵列", "488": "卫星开采阵列", "490": "反应堆", "506": "军团机库阵列", "594": "射弹炮塔", "595": "混合炮塔", "596": "激光炮塔", "932": "装配阵列", "933": "实验室", "1009": "能量中和炮塔", "1010": "星系扫描阵列", "1011": "跳跃桥接", "1012": "诱导力场系统干扰器", "1013": "诱导力场发生阵列", "1702": "个人机库阵列", "1865": "建筑组件", "1870": "燃料块", "1921": "压缩阵列", "2200": "势力堡垒", "2201": "标准堡垒", "2211": "ECM", "2212": "远程感应抑阻器", "2213": "停滞缠绕光束", "2214": "目标标记装置", "2215": "武器扰断器", "2216": "跃迁扰断器", "2218": "CPU升级件", "2219": "信号放大器", "2220": "电容能源继电器", "2221": "定点防卫炮塔", "2222": "反应堆控制单元", "2223": "能量中和器", "2224": "电容电池", "2228": "末日武器装置", "2229": "制导炸弹发射器", "2230": "建筑反旗舰发射器", "2231": "建筑反非旗舰发射器", "2232": "堡垒服务装备", "2233": "资源提炼服务装备", "2234": "弹道控制系统", "2235": "导弹制导增强器", "2332": "工程服务装备", "2341": "中型建筑资源提炼改装件", "2342": "大型建筑资源提炼改装件", "2343": "超大型建筑资源提炼改装件", "2344": "中型建筑战斗改装件", "2345": "大型建筑战斗改装件", "2346": "超大型建筑战斗改装件", "2347": "中型建筑工程改装件", "2348": "大型建筑工程改装件", "2349": "超大型建筑工程改装件", "2408": "建筑脉冲波投射器", "2414": "装甲强化", "2749": "量子芯"}, "basicComponents": {"781": "标准旗舰组件"}, "advancedComponents": {"802": "高级组件", "803": "高级组件", "1147": "子系统组件", "1884": "高级旗舰组件", "1885": "高级旗舰组件", "1886": "高级旗舰组件", "1887": "高级旗舰组件", "1888": "高级组件", "1889": "高级组件", "1907": "R.Db", "2658": "高级组件", "2693": "高级旗舰组件"}, "drones": {"158": "采矿无人机", "837": "战斗无人机", "838": "战斗无人机", "839": "战斗无人机", "840": "航母铁骑舰载机", "841": "电子战无人机", "842": "后勤无人机", "843": "功能性战斗无人机", "911": "战斗无人机", "1310": "航母铁骑舰载机", "1646": "打捞无人机", "2239": "航母铁骑舰载机", "2411": "建筑铁骑舰载机", "2412": "建筑铁骑舰载机", "2413": "建筑铁骑舰载机"}, "ammunition": {"102": "标准晶体", "103": "标准晶体", "105": "标准晶体", "106": "标准弹药", "107": "标准弹药", "108": "标准弹药", "109": "标准弹药", "112": "标准弹药", "113": "标准弹药", "116": "导弹", "139": "军火和弹药", "502": "标准弹药", "503": "标准晶体", "504": "标准弹药", "854": "高级火炮弹药", "855": "高级火炮弹药", "856": "高级火炮弹药", "857": "高级自动加农炮弹药", "858": "高级自动加农炮弹药", "859": "高级自动加农炮弹药", "860": "高级疾速炮弹药", "861": "高级疾速炮弹药", "862": "高级疾速炮弹药", "863": "高级磁轨炮弹药", "864": "高级磁轨炮弹药", "865": "高级磁轨炮弹药", "866": "高级集束激光晶体", "867": "高级集束激光晶体", "868": "高级集束激光晶体", "869": "高级脉冲激光晶体", "870": "高级脉冲激光晶体", "871": "高级脉冲激光晶体", "914": "自动锁定", "917": "轻型导弹", "918": "巡航导弹", "919": "重型导弹", "920": "轻型导弹", "921": "巡航导弹", "922": "火箭", "923": "鱼雷", "924": "重型导弹", "925": "巡航导弹", "926": "重型导弹", "927": "轻型导弹", "928": "火箭", "929": "鱼雷", "930": "火箭", "931": "鱼雷", "971": "重型攻击导弹", "972": "重型攻击导弹", "973": "重型攻击导弹", "987": "势力弹药", "988": "势力弹药", "989": "势力弹药", "991": "势力弹药", "992": "势力弹药", "993": "势力弹药", "995": "势力晶体", "996": "势力晶体", "997": "势力晶体", "998": "轻型导弹", "999": "火箭", "1000": "鱼雷", "1001": "巡航导弹", "1002": "重型导弹", "1003": "重型攻击导弹", "1004": "势力弹药", "1006": "势力弹药", "1007": "势力晶体", "1015": "军火和弹药", "1094": "军火和弹药", "1103": "军火和弹药", "1192": "自动锁定", "1193": "超大型鱼雷", "1194": "超大型鱼雷", "1199": "探针", "1200": "探针", "1201": "探针", "1287": "超大型巡航导弹", "1317": "超大型巡航导弹", "1598": "射弹弹药", "1599": "频率晶体", "1600": "混合弹药", "2196": "导弹", "2197": "导弹", "2198": "军火和弹药", "2252": "高级火炮弹药", "2253": "高级自动加农炮弹药", "2254": "高级疾速炮弹药", "2255": "高级磁轨炮弹药", "2256": "高级脉冲激光晶体", "2257": "高级集束激光晶体", "2258": "超大型鱼雷", "2259": "超大型鱼雷", "2260": "超大型巡航导弹", "2261": "超大型巡航导弹", "2298": "指挥脉冲弹药", "2299": "指挥脉冲弹药", "2300": "指挥脉冲弹药", "2301": "指挥脉冲弹药", "2302": "指挥脉冲弹药", "2465": "标准异种等离子弹药", "2466": "标准异种等离子弹药", "2467": "标准异种等离子弹药", "2468": "高级异种等离子弹药", "2469": "高级异种等离子弹药", "2470": "高级异种等离子弹药", "2692": "标准异种等离子弹药", "2734": "标准电容包", "2735": "标准电容包", "2736": "标准电容包", "2737": "高级电容包", "2738": "高级电容包", "2739": "高级电容包"}}}