{"version": "2204_2", "payload": {"m": [{"label": "屹立中型基础中型舰船制造材料效率 I", "id": 37146, "bonus": 256, "tech": 1}, {"label": "屹立中型基础中型舰船制造材料效率 II", "id": 37147, "bonus": 256, "tech": 2}, {"label": "屹立中型无人机和铁骑舰载机制造时间效率 I", "id": 37148, "bonus": 0, "tech": 1}, {"label": "屹立中型无人机和铁骑舰载机制造时间效率 II", "id": 37149, "bonus": 0, "tech": 2}, {"label": "屹立中型弹药制造时间效率 I", "id": 37150, "bonus": 0, "tech": 1}, {"label": "屹立中型弹药制造时间效率 II", "id": 37151, "bonus": 0, "tech": 2}, {"label": "屹立中型基础大型舰船制造材料效率 II", "id": 37152, "bonus": 128, "tech": 2}, {"label": "屹立中型基础中型舰船制造时间效率 II", "id": 37153, "bonus": 0, "tech": 2}, {"label": "屹立中型基础小型舰船制造材料效率 I", "id": 37154, "bonus": 512, "tech": 1}, {"label": "屹立中型基础小型舰船制造材料效率 II", "id": 37155, "bonus": 512, "tech": 2}, {"label": "屹立中型无人机和铁骑舰载机制造材料效率 I", "id": 37156, "bonus": 2, "tech": 1}, {"label": "屹立中型无人机和铁骑舰载机制造材料效率 II", "id": 37157, "bonus": 2, "tech": 2}, {"label": "屹立中型弹药制造材料效率 I", "id": 37158, "bonus": 1, "tech": 1}, {"label": "屹立中型弹药制造效率 II", "id": 37159, "bonus": 0, "tech": 2}, {"label": "屹立中型设备制造时间效率 I", "id": 37160, "bonus": 0, "tech": 1}, {"label": "屹立中型设备制造时间效率 II", "id": 37161, "bonus": 0, "tech": 2}, {"label": "屹立中型基础小型舰船制造时间效率 I", "id": 37162, "bonus": 0, "tech": 1}, {"label": "屹立中型基础小型舰船制造时间效率 II", "id": 37163, "bonus": 0, "tech": 2}, {"label": "屹立中型基础大型舰船制造材料效率 I", "id": 43732, "bonus": 128, "tech": 1}, {"label": "屹立中型基础大型舰船制造时间效率 I", "id": 43733, "bonus": 0, "tech": 1}, {"label": "屹立中型基础大型舰船制造时间效率 II", "id": 43734, "bonus": 0, "tech": 2}, {"label": "屹立中型高级小型舰船制造材料效率 II", "id": 43854, "bonus": 1536, "tech": 2}, {"label": "屹立中型高级小型舰船制造材料效率 I", "id": 43855, "bonus": 1536, "tech": 1}, {"label": "屹立中型高级小型舰船制造时间效率 I", "id": 43856, "bonus": 0, "tech": 1}, {"label": "屹立中型高级小型舰船制造时间效率 II", "id": 43857, "bonus": 0, "tech": 2}, {"label": "屹立中型高级中型舰船制造材料效率 I", "id": 43858, "bonus": 1280, "tech": 1}, {"label": "屹立中型高级中型舰船制造材料效率 II", "id": 43859, "bonus": 1280, "tech": 2}, {"label": "屹立中型高级中型舰船制造时间效率 I", "id": 43860, "bonus": 0, "tech": 1}, {"label": "屹立中型高级中型舰船制造时间效率 II", "id": 43861, "bonus": 0, "tech": 2}, {"label": "屹立中型高级大型舰船制造材料效率 I", "id": 43862, "bonus": 1152, "tech": 1}, {"label": "屹立中型高级大型舰船制造材料效率 II", "id": 43863, "bonus": 1152, "tech": 2}, {"label": "屹立中型高级大型舰船制造时间效率 II", "id": 43864, "bonus": 0, "tech": 2}, {"label": "屹立中型高级大型舰船制造时间效率 I", "id": 43865, "bonus": 0, "tech": 1}, {"label": "屹立中型高级组件制造材料效率 II", "id": 43866, "bonus": 4, "tech": 2}, {"label": "屹立中型高级组件制造材料效率 I", "id": 43867, "bonus": 4, "tech": 1}, {"label": "屹立中型高级组件制造时间效率 II", "id": 43868, "bonus": 0, "tech": 2}, {"label": "屹立中型高级组件制造时间效率 I", "id": 43869, "bonus": 0, "tech": 1}, {"label": "屹立中型基础旗舰组件制造材料效率 I", "id": 43870, "bonus": 8, "tech": 1}, {"label": "屹立中型基础旗舰组件制造材料效率 II", "id": 43871, "bonus": 8, "tech": 2}, {"label": "屹立中型基础旗舰组件制造时间效率 I", "id": 43872, "bonus": 0, "tech": 1}, {"label": "屹立中型基础旗舰组件制造时间效率 II", "id": 43873, "bonus": 0, "tech": 2}, {"label": "屹立中型建筑制造材料效率 II", "id": 43874, "bonus": 16, "tech": 2}, {"label": "屹立中型建筑制造材料效率 I", "id": 43875, "bonus": 16, "tech": 1}, {"label": "屹立中型建筑制造时间效率 I", "id": 43876, "bonus": 0, "tech": 1}, {"label": "屹立中型建筑制造时间效率 II", "id": 43877, "bonus": 0, "tech": 2}, {"label": "屹立中型发明成本优化 II", "id": 43878, "bonus": 0, "tech": 2}, {"label": "屹立中型发明成本优化 I", "id": 43879, "bonus": 0, "tech": 1}, {"label": "屹立中型发明加速 I", "id": 43880, "bonus": 0, "tech": 1}, {"label": "屹立中型发明加速 II", "id": 43881, "bonus": 0, "tech": 2}, {"label": "屹立中型材料效率研究加速 II", "id": 43882, "bonus": 0, "tech": 2}, {"label": "屹立中型材料效率研究加速 I", "id": 43883, "bonus": 0, "tech": 1}, {"label": "屹立中型材料效率研究成本优化 II", "id": 43884, "bonus": 0, "tech": 2}, {"label": "屹立中型材料效率研究成本优化 I", "id": 43885, "bonus": 0, "tech": 1}, {"label": "屹立中型时间效率研究成本优化 II", "id": 43886, "bonus": 0, "tech": 2}, {"label": "屹立中型时间效率研究成本优化 I", "id": 43887, "bonus": 0, "tech": 1}, {"label": "屹立中型时间效率研究加速 II", "id": 43888, "bonus": 0, "tech": 2}, {"label": "屹立中型时间效率研究加速器 I", "id": 43889, "bonus": 0, "tech": 1}, {"label": "屹立中型蓝图拷贝成本优化 II", "id": 43890, "bonus": 0, "tech": 2}, {"label": "屹立中型蓝图拷贝成本优化 I", "id": 43891, "bonus": 0, "tech": 1}, {"label": "屹立中型蓝图拷贝加速器 II", "id": 43892, "bonus": 0, "tech": 2}, {"label": "屹立中型蓝图拷贝加速 I", "id": 43893, "bonus": 0, "tech": 1}, {"label": "屹立中型基础中型舰船制造时间效率 I", "id": 43919, "bonus": 0, "tech": 1}, {"label": "屹立中型设备制造材料效率 I", "id": 43920, "bonus": 0, "tech": 1}, {"label": "屹立中型设备制造材料效率 II", "id": 43921, "bonus": 0, "tech": 2}, {"label": "屹立中型图克尔基础旗舰组件制造材料效率", "id": 45544, "bonus": 8, "tech": 3}, {"label": "屹立中型图克尔高级组件制造材料效率", "id": 45640, "bonus": 4, "tech": 3}], "l": [{"label": "屹立大型弹药制造效率 I", "id": 37164, "bonus": 1, "tech": 1}, {"label": "屹立大型弹药制造效率 II", "id": 37165, "bonus": 1, "tech": 2}, {"label": "屹立大型基础大型舰船制造效率 I", "id": 37166, "bonus": 128, "tech": 1}, {"label": "屹立大型基础大型舰船制造效率 II", "id": 37167, "bonus": 128, "tech": 2}, {"label": "屹立大型高级大型舰船制造效率 I", "id": 37168, "bonus": 1152, "tech": 1}, {"label": "屹立大型高级大型舰船制造效率 II", "id": 37169, "bonus": 1152, "tech": 2}, {"label": "屹立大型设备制造效率 I", "id": 37170, "bonus": 0, "tech": 1}, {"label": "屹立大型设备制造效率 II", "id": 37171, "bonus": 0, "tech": 2}, {"label": "屹立大型旗舰制造效率 II", "id": 37172, "bonus": 0, "tech": 2}, {"label": "屹立大型旗舰制造效率 I", "id": 37173, "bonus": 0, "tech": 1}, {"label": "屹立大型高级组件制造效率 I", "id": 37174, "bonus": 4, "tech": 1}, {"label": "屹立大型高级组件制造效率 II", "id": 37175, "bonus": 4, "tech": 2}, {"label": "屹立大型高级小型舰船制造效率 I", "id": 43707, "bonus": 1536, "tech": 1}, {"label": "屹立大型高级小型舰船制造效率 II", "id": 43708, "bonus": 1536, "tech": 2}, {"label": "屹立大型高级中型舰船制造效率 I", "id": 43709, "bonus": 1280, "tech": 1}, {"label": "屹立大型高级中型舰船制造效率 II", "id": 43711, "bonus": 1280, "tech": 2}, {"label": "屹立大型无人机和铁骑舰载机制造效率 I", "id": 43712, "bonus": 2, "tech": 1}, {"label": "屹立大型无人机和铁骑舰载机制造效率 II", "id": 43713, "bonus": 2, "tech": 2}, {"label": "屹立大型基础小型舰船制造效率 I", "id": 43714, "bonus": 512, "tech": 1}, {"label": "屹立大型基础小型舰船制造效率 II", "id": 43715, "bonus": 512, "tech": 2}, {"label": "屹立大型基础中型舰船制造效率 I", "id": 43716, "bonus": 256, "tech": 1}, {"label": "屹立大型基础中型舰船制造效率 II", "id": 43717, "bonus": 256, "tech": 2}, {"label": "屹立大型基础旗舰组件制造效率 I", "id": 43718, "bonus": 8, "tech": 1}, {"label": "屹立大型基础旗舰组件制造效率 II", "id": 43719, "bonus": 8, "tech": 2}, {"label": "屹立大型建筑制造效率 I", "id": 43720, "bonus": 16, "tech": 1}, {"label": "屹立大型建筑制造效率 II", "id": 43721, "bonus": 16, "tech": 2}, {"label": "屹立大型发明优化 I", "id": 43722, "bonus": 0, "tech": 1}, {"label": "屹立大型发明优化 II", "id": 43723, "bonus": 0, "tech": 2}, {"label": "屹立大型材料效率研究优化 I", "id": 43724, "bonus": 0, "tech": 1}, {"label": "屹立大型材料效率研究优化 II", "id": 43725, "bonus": 0, "tech": 2}, {"label": "屹立大型时间效率研究优化 I", "id": 43726, "bonus": 0, "tech": 1}, {"label": "屹立大型时间效率研究优化 II", "id": 43727, "bonus": 0, "tech": 2}, {"label": "屹立大型蓝图拷贝优化 I", "id": 43729, "bonus": 0, "tech": 1}, {"label": "屹立大型蓝图拷贝优化 II", "id": 43730, "bonus": 0, "tech": 2}, {"label": "屹立大型图克尔基础旗舰组件制造效率", "id": 45546, "bonus": 8, "tech": 3}, {"label": "屹立大型图克尔高级组件制造效率", "id": 45641, "bonus": 4, "tech": 3}], "xl": [{"label": "屹立超大型设备和消费品制造效率 I", "id": 37178, "bonus": 33, "tech": 1}, {"label": "屹立超大型设备和消费品制造效率 II", "id": 37179, "bonus": 33, "tech": 2}, {"label": "屹立超大型舰船制造效率 I", "id": 37180, "bonus": 1984, "tech": 1}, {"label": "屹立超大型舰船制造效率 II", "id": 37181, "bonus": 1984, "tech": 2}, {"label": "屹立超大型实验室优化 II", "id": 37182, "bonus": 0, "tech": 2}, {"label": "屹立超大型实验室优化 I", "id": 37183, "bonus": 0, "tech": 1}, {"label": "屹立超大型建筑和组件制造效率 I", "id": 43704, "bonus": 28, "tech": 1}, {"label": "屹立超大型建筑和组件制造效率 II", "id": 43705, "bonus": 28, "tech": 2}, {"label": "屹立超大型图克尔建筑和组件制造效率", "id": 45548, "bonus": 28, "tech": 3}]}}